{
    "accuracy": 0.55,
    "precision": 0.7,
    "recall": 0.5384615384615384,
    "f1_score": 0.6086956521739131
}
